{
  "primary": "#F5F2EB",
  "secondary": "#EBE8E1",
  "background": "#F5F2EB",
  "darker_bg": "#E5E2DB",
  "lighter_bg": "#FFFCF5",
  "text": "#636363",
  "grid": "rgba(34, 34, 34, 0.1)",
  "line": "#666666",
  "border": "#D0CCC5",
  "success": "#006600",
  "error": "#990000",
  "border_light": "rgba(34, 34, 34, 0.2)",
  "corner_gap": "#F5F2EB",
  "corner_bright": "#666666",
  "panel_bg": "rgba(245, 242, 235, 0.95)",
  "scrollbar_bg": "rgba(34, 34, 34, 0.05)",
  "selected_bg": "rgba(34, 34, 34, 0.1)",
  "button_hover": "#EBE8E1",
  "button_pressed": "#E5E2DB",
  "chart_bg": "rgba(245, 242, 235, 0.8)",
  "terminal": {
    "theme": {
      "foreground": "#000000",
      "background": "#F5F2EB",
      "cursor": "#000000",
      "cursorAccent": "#F5F2EB",
      "selection": "#A1A1A1",
      "selectionForeground": "#FFFFFF",
      "black": "#000000",
      "red": "#CC0000",
      "green": "#008800",
      "yellow": "#CC6600",
      "blue": "#0000CC",
      "magenta": "#CC00CC",
      "cyan": "#008888",
      "white": "#808080",
      "brightBlack": "#666666",
      "brightRed": "#FF0000",
      "brightGreen": "#00CC00",
      "brightYellow": "#FFCC00",
      "brightBlue": "#0000FF",
      "brightMagenta": "#FF00FF",
      "brightCyan": "#00CCCC",
      "brightWhite": "#FFFFFF",
      "scrollbar": {
        "background": "#F5F2EB",
        "thumb": "#666666",
        "thumb_hover": "#999999"
      }
    }
  },
  "context_menu": null
}